"URL","タイトル","コンテンツタイプ"
"https://whateverayn.github.io/p/2023/index.html","2023年","text/html"
"https://whateverayn.github.io/p/2023/11/index.html","2023年11月","text/html"
"https://whateverayn.github.io/p/2023/11/25/index.html","2023年11月25日","text/html"
"https://whateverayn.github.io/p/2023/11/29/index.html","2023年11月29日","text/html"
"https://whateverayn.github.io/p/2023/11/30/index.html","2023年11月30日","text/html"
"https://whateverayn.github.io/p/2023/12/index.html","2023年12月","text/html"
"https://whateverayn.github.io/p/2023/12/10/index.html","2023年12月10日","text/html"
"https://whateverayn.github.io/p/2023/12/01/index.html","2023年12月1日","text/html"
"https://whateverayn.github.io/p/2023/12/03/index.html","2023年12月3日","text/html"
"https://whateverayn.github.io/p/2023/12/07/index.html","2023年12月7日","text/html"
"https://whateverayn.github.io/p/2023/12/08/index.html","2023年12月8日","text/html"
"https://whateverayn.github.io/p/2023/12/09/index.html","2023年12月9日","text/html"
"https://whateverayn.github.io/p/2024/index.html","2024年","text/html"
"https://whateverayn.github.io/p/2024/10/index.html","2024年10月","text/html"
"https://whateverayn.github.io/p/2024/01/index.html","2024年1月","text/html"
"https://whateverayn.github.io/p/2024/01/22/index.html","2024年1月22日","text/html"
"https://whateverayn.github.io/p/2024/02/index.html","2024年2月","text/html"
"https://whateverayn.github.io/p/2024/06/index.html","2024年6月","text/html"
"https://whateverayn.github.io/p/2024/07/index.html","2024年7月","text/html"
"https://whateverayn.github.io/p/2024/09/index.html","2024年9月","text/html"
"https://whateverayn.github.io/p/2025/index.html","2025年","text/html"
"https://whateverayn.github.io/p/2025/06/index.html","2025年6月","text/html"
"https://whateverayn.github.io/p/2026/index.html","2026年","text/html"
"https://whateverayn.github.io/p/2026/01/index.html","2026年1月","text/html"
"https://whateverayn.github.io/p/2025/06/14/index.html","Anacondaの(base)環境の自動有効化を制御する","text/html"
"https://whateverayn.github.io/pdfjs/web/viewer.html","compressed.tracemonkey-pldi-09.pdf","text/html"
"https://whateverayn.github.io/p/2026/01/18/index.html","FFmpegでProRes動画を一般的なHEVC/AV1動画に変換する","text/html"
"https://whateverayn.github.io/google6505c3e099352698.html",,"text/html"
"https://kmconner.net/posts/2019/04/08-vdisk-hyper-v/","Hyper-V 上の Linux マシンのディスクを最適化する","text/html"
"https://formulae.brew.sh/formula/qpdf","qpdf — Homebrew Formulae","text/html"
"https://qpdf.sourceforge.io/","QPDF: A Content-Preserving PDF Transformation System","text/html"
"https://whateverayn.github.io/p/2024/06/04/index.html","R-C直列回路の過渡現象","text/html"
"https://learn.microsoft.com/ja-jp/sysinternals/downloads/sdelete","SDelete - Sysinternals | Microsoft Learn","text/html"
"https://typst.app/docs/reference/syntax/#math","Syntax – Typst Documentation","text/html"
"https://karafuru-ramune.com/blog/51b4c86f8911836a6843f38fe1e9e4fa","Ubuntu on VirtualBox の可変サイズディスクを縮める","text/html"
"https://www.wabiapp.com/PronamaStudy/etc/diet_vhd.html","vhd/vhdxファイルのサイズを縮小（ダイエット）する - プロ生ちゃんとお勉強するよ～","text/html"
"https://whateverayn.github.io/p/2024/09/14/index.html","Virtual hard disk の最適化","text/html"
"https://7me.nobiki.com/2020/01/29/virtualbox-vdi-disk-size-compact/","VirtualBoxのvdiディスクサイズを最適化するメモ | 7me","text/html"
"https://whateverayn.github.io/p/2024/01/24/index.html","Visual Studio Code [拡張機能]","text/html"
"https://whateverayn.github.io/index.html","Whateverayn","text/html"
"https://whateverayn.github.io/about/index.html","Whateverayn について","text/html"
"https://jpn.nec.com/websam/bom/download/event_webinar_0906.pdf#page=23","Windowsの運用管理を快適にする10の裏ワザ・表ワザ","application/pdf"
"https://whateverayn.github.io/p/2024/02/03/index.html","タスク スケジューラ","text/html"
"https://whateverayn.github.io/tools/index.html","ツール","text/html"
"https://mistclast.hatenablog.com/entry/2017/07/27/212928","どう頑張ってもWindows10が勝手にスリープから解除される人へ - Midnight Note","text/html"
"https://whateverayn.github.io/p/2023/11/25/0/index.html","はじめまして","text/html"
"https://whateverayn.github.io/feedback/index.html","フィードバック","text/html"
"https://whateverayn.github.io/p/2024/07/24/index.html","マクスウェル方程式","text/html"
"https://whateverayn.github.io/p/2024/10/30/index.html","電磁波 (中間)","text/html"
"https://whateverayn.github.io/p/index.html","投稿","text/html"
"https://whateverayn.github.io/tools/edit/index.html","編集用","text/html"
"https://whateverayn.github.io/p/2026/01/11/index.html","明細のパスワード","text/html"
